{"_type":"export","__export_format":4,"__export_date":"2022-05-05T11:41:31.275Z","__export_source":"insomnia.desktop.app:v2022.3.0","resources":[{"_id":"req_7b2aa1ee3fce49918818add032088697","parentId":"fld_699ad4742a7b4473af742b99e2c98580","modified":1651749667923,"created":1651659033117,"url":"http://localhost:3000/api/v0.0/user/9","name":"user solo consulta un usuario","description":"","method":"GET","body":{"mimeType":"application/json","text":""},"parameters":[],"headers":[{"name":"Content-Type","value":"application/json","id":"pair_e0e1f74b609b49f98bd4500a54b922af"}],"authentication":{},"metaSortKey":-1651659033117,"isPrivate":false,"settingStoreCookies":true,"settingSendCookies":true,"settingDisableRenderRequestBody":false,"settingEncodeUrl":true,"settingRebuildPath":true,"settingFollowRedirects":"global","_type":"request"},{"_id":"fld_699ad4742a7b4473af742b99e2c98580","parentId":"fld_0d350a7f6dac42dc86372742f566925e","modified":1650885994907,"created":1650885994907,"name":"users","description":"","environment":{},"environmentPropertyOrder":null,"metaSortKey":-1650885994907,"_type":"request_group"},{"_id":"fld_0d350a7f6dac42dc86372742f566925e","parentId":"wrk_9e7febc692494c55b2afa9fa6b9c2a99","modified":1650541290778,"created":1650541290778,"name":"Localhost","description":"","environment":{},"environmentPropertyOrder":null,"metaSortKey":-1650534947657,"_type":"request_group"},{"_id":"wrk_9e7febc692494c55b2afa9fa6b9c2a99","parentId":null,"modified":1650529886661,"created":1650529886661,"name":"New Document","description":"","scope":"design","_type":"workspace"},{"_id":"req_cc88a87d07e74a319e8ca464d44fa4c6","parentId":"fld_699ad4742a7b4473af742b99e2c98580","modified":1651567317527,"created":1651567179844,"url":"http://localhost:3000/api/v0.0/public/users/","name":"user sin autenticar","description":"","method":"GET","body":{"mimeType":"application/json","text":""},"parameters":[],"headers":[{"name":"Content-Type","value":"application/json","id":"pair_aa1f129838b540ce937990eb56fbff93"}],"authentication":{},"metaSortKey":-1651567179844,"isPrivate":false,"settingStoreCookies":true,"settingSendCookies":true,"settingDisableRenderRequestBody":false,"settingEncodeUrl":true,"settingRebuildPath":true,"settingFollowRedirects":"global","_type":"request"},{"_id":"req_292521c3cbdd48cfa92762ad2915400c","parentId":"fld_699ad4742a7b4473af742b99e2c98580","modified":1651573811089,"created":1651216860338,"url":"http://localhost:3000/api/v0.0/users/","name":"users con atenticacion","description":"","method":"GET","body":{"mimeType":"application/json","text":""},"parameters":[],"headers":[{"name":"Content-Type","value":"application/json","id":"pair_55025be530c743b38edc4eea6a19db3e"}],"authentication":{"type":"basic","useISO88591":false,"disabled":false,"username":"Maite","password":"abc123"},"metaSortKey":-1651217007065,"isPrivate":false,"settingStoreCookies":true,"settingSendCookies":true,"settingDisableRenderRequestBody":false,"settingEncodeUrl":true,"settingRebuildPath":true,"settingFollowRedirects":"global","_type":"request"},{"_id":"req_ffb0cda8109b4ebb9ae4d9c60af9f04e","parentId":"fld_699ad4742a7b4473af742b99e2c98580","modified":1651749546739,"created":1650886016728,"url":"http://localhost:3000/api/v0.0/public/user/","name":"user sin autenticar","description":"","method":"POST","body":{"mimeType":"application/json","text":"{\n\t\"name\": \"Laura\",\n\t\"password\": \"abc123\",\n\t\"email\": \"puff22@gmail.com\"\n}"},"parameters":[],"headers":[{"name":"Content-Type","value":"application/json","id":"pair_da36ef83988c46ce95380ce2f66c39d3"}],"authentication":{},"metaSortKey":-1651217007040,"isPrivate":false,"settingStoreCookies":true,"settingSendCookies":true,"settingDisableRenderRequestBody":false,"settingEncodeUrl":true,"settingRebuildPath":true,"settingFollowRedirects":"global","_type":"request"},{"_id":"req_efd57db62aa343edb8db15c1c487039e","parentId":"fld_699ad4742a7b4473af742b99e2c98580","modified":1651749464699,"created":1651145755265,"url":"http://localhost:3000/api/v0.0/user/","name":"user con autenticacion","description":"","method":"POST","body":{"mimeType":"application/json","text":"{\n\t\"name\": \"Eva\",\n\t\"password\": \"abc123\",\n\t\"email\": \"puff22@gmail.com\"\n}"},"parameters":[],"headers":[{"name":"Content-Type","value":"application/json","id":"pair_2b953f65087a4a509f15ea491737bf43"}],"authentication":{"type":"basic","useISO88591":false,"disabled":false,"username":"Maite","password":"abc123"},"metaSortKey":-1651217007027.5,"isPrivate":false,"settingStoreCookies":true,"settingSendCookies":false,"settingDisableRenderRequestBody":false,"settingEncodeUrl":true,"settingRebuildPath":true,"settingFollowRedirects":"global","_type":"request"},{"_id":"req_ff7c6ed5ffb347578b0ab3fb8d4dfcd8","parentId":"fld_699ad4742a7b4473af742b99e2c98580","modified":1651750298815,"created":1651573783414,"url":"http://localhost:3000/api/v0.0/public/user/","name":"user sin autenticar","description":"","method":"PUT","body":{"mimeType":"application/json","text":"\t{\n\t\t\"id\": 3,\n\t\t\"name\": \"Gabriel\",\n\t\t\"password\": \"abc123\",\n\t\t\"email\": \"puff22@gmail.com\"\n\t}"},"parameters":[],"headers":[{"name":"Content-Type","value":"application/json","id":"pair_f669bf30641f4708b8395708344b740e"}],"authentication":{},"metaSortKey":-1651216978945.25,"isPrivate":false,"settingStoreCookies":true,"settingSendCookies":true,"settingDisableRenderRequestBody":false,"settingEncodeUrl":true,"settingRebuildPath":true,"settingFollowRedirects":"global","_type":"request"},{"_id":"req_1c1b736490dd45a79fc640388104a94f","parentId":"fld_699ad4742a7b4473af742b99e2c98580","modified":1651750792491,"created":1651216950863,"url":"http://localhost:3000/api/v0.0/user/","name":"user con autenticacion","description":"","method":"PUT","body":{"mimeType":"application/json","text":"\t{\n\t\t\"id\": 9,\n\t\t\"name\": \"Rebeca\",\n\t\t\"password\": \"abc123\",\n\t\t\"email\": \"puff21@gmail.com\"\n\t}"},"parameters":[],"headers":[{"name":"Content-Type","value":"application/json","id":"pair_a7e1d7eb7f5f4095a7f5ed1677a81e47"}],"authentication":{"type":"basic","useISO88591":false,"disabled":false,"username":"Maite","password":"abc123"},"metaSortKey":-1651216950863,"isPrivate":false,"settingStoreCookies":true,"settingSendCookies":true,"settingDisableRenderRequestBody":false,"settingEncodeUrl":true,"settingRebuildPath":true,"settingFollowRedirects":"global","_type":"request"},{"_id":"req_a3119e4136e447e4a65f9e9148238d81","parentId":"fld_699ad4742a7b4473af742b99e2c98580","modified":1651750364462,"created":1651573935272,"url":"http://localhost:3000/api/v0.0/public/user/","name":"user sin autenticar","description":"","method":"DELETE","body":{"mimeType":"application/json","text":"\t{\n\t\t\"id\": 11,\n\t\t\"name\": \"Laura\",\n\t\t\"password\": \"abc123\",\n\t\t\"email\": \"puff22@gmail.com\"\n\t}"},"parameters":[],"headers":[{"name":"Content-Type","value":"application/json","id":"pair_335b72a0dd7045d6afb36beaa0cd5eeb"}],"authentication":{},"metaSortKey":-1651216950838,"isPrivate":false,"settingStoreCookies":true,"settingSendCookies":true,"settingDisableRenderRequestBody":false,"settingEncodeUrl":true,"settingRebuildPath":true,"settingFollowRedirects":"global","_type":"request"},{"_id":"req_183ee954202b4237804646bd42a919c7","parentId":"fld_699ad4742a7b4473af742b99e2c98580","modified":1651749592427,"created":1651217007015,"url":"http://localhost:3000/api/v0.0/user/","name":"user con autenticacion","description":"","method":"DELETE","body":{"mimeType":"application/json","text":"\t{\n\t\t\"id\": 11,\n\t\t\"name\": \"Laura\",\n\t\t\"password\": \"abc123\",\n\t\t\"email\": \"puff22@gmail.com\"\n\t}"},"parameters":[],"headers":[{"name":"Content-Type","value":"application/json","id":"pair_9112e9ad91284030bdfd3bedfdc522b2"}],"authentication":{"type":"basic","useISO88591":false,"disabled":false,"username":"Maite","password":"abc123"},"metaSortKey":-1651216950813,"isPrivate":false,"settingStoreCookies":true,"settingSendCookies":true,"settingDisableRenderRequestBody":false,"settingEncodeUrl":true,"settingRebuildPath":true,"settingFollowRedirects":"global","_type":"request"},{"_id":"req_44a4ed1c8ba143dbbd61805a0226ce3f","parentId":"fld_a7d4e574af2441afb34ff83823f479cb","modified":1651665035970,"created":1651659397657,"url":"http://localhost:3000/api/v0.0/task/4","name":"task solo consulta una tarea","description":"","method":"GET","body":{"mimeType":"application/json","text":""},"parameters":[],"headers":[{"name":"Content-Type","value":"application/json","id":"pair_ecec6622d2484d399069f8fbbecf1d32"}],"authentication":{},"metaSortKey":-1651659397657,"isPrivate":false,"settingStoreCookies":true,"settingSendCookies":true,"settingDisableRenderRequestBody":false,"settingEncodeUrl":true,"settingRebuildPath":true,"settingFollowRedirects":"global","_type":"request"},{"_id":"fld_a7d4e574af2441afb34ff83823f479cb","parentId":"fld_0d350a7f6dac42dc86372742f566925e","modified":1650885980608,"created":1650885980608,"name":"tasks","description":"","environment":{},"environmentPropertyOrder":null,"metaSortKey":-1650885980608,"_type":"request_group"},{"_id":"req_75bd547a140247b58bea494011e6e364","parentId":"fld_a7d4e574af2441afb34ff83823f479cb","modified":1651573218305,"created":1651573182854,"url":"http://localhost:3000/api/v0.0/public/tasks/","name":"task sin autenticar","description":"","method":"GET","body":{"mimeType":"application/json","text":""},"parameters":[],"headers":[{"name":"Content-Type","value":"application/json"}],"authentication":{},"metaSortKey":-1651573182854,"isPrivate":false,"settingStoreCookies":true,"settingSendCookies":true,"settingDisableRenderRequestBody":false,"settingEncodeUrl":true,"settingRebuildPath":true,"settingFollowRedirects":"global","_type":"request"},{"_id":"req_9dc816a0df704c29ae3fdecec3969bab","parentId":"fld_a7d4e574af2441afb34ff83823f479cb","modified":1651574118190,"created":1650541290802,"url":"http://localhost:3000/api/v0.0/tasks/","name":"tasks con autenticacion","description":"","method":"GET","body":{"mimeType":"application/json","text":""},"parameters":[],"headers":[{"name":"Content-Type","value":"application/json","id":"pair_eae37515d1294167b0a3b8d8c279803e"}],"authentication":{"type":"basic","useISO88591":false,"disabled":false,"username":"Maite","password":"abc123"},"metaSortKey":-1651146009925,"isPrivate":false,"settingStoreCookies":true,"settingSendCookies":true,"settingDisableRenderRequestBody":false,"settingEncodeUrl":true,"settingRebuildPath":true,"settingFollowRedirects":"global","_type":"request"},{"_id":"req_440f26c17a9e44a1af3e1804e63d105a","parentId":"fld_a7d4e574af2441afb34ff83823f479cb","modified":1651614246234,"created":1650972141787,"url":"http://localhost:3000/api/v0.0/public/task/","name":"task sin autenticar","description":"","method":"POST","body":{"mimeType":"application/json","text":"{\n\t\t\"description\": \"Despejarme\",\n\t\t\"done\": false\n}"},"parameters":[],"headers":[{"name":"Content-Type","value":"application/json","id":"pair_eae37515d1294167b0a3b8d8c279803e"}],"authentication":{},"metaSortKey":-1651146009875,"isPrivate":false,"settingStoreCookies":true,"settingSendCookies":true,"settingDisableRenderRequestBody":false,"settingEncodeUrl":true,"settingRebuildPath":true,"settingFollowRedirects":"global","_type":"request"},{"_id":"req_ca6424d06990402e8c4ea0c37854df9f","parentId":"fld_a7d4e574af2441afb34ff83823f479cb","modified":1651663943700,"created":1651146009825,"url":"http://localhost:3000/api/v0.0/task/","name":"autenticacion con Basic","description":"","method":"POST","body":{"mimeType":"application/json","text":"{\n\t\t\"description\": \"Ir  medico\",\n\t\t\"done\": false\n}"},"parameters":[],"headers":[{"name":"Content-Type","value":"application/json","id":"pair_cd8ca7c1c5d74e40849d47f45f8714d6"}],"authentication":{"type":"basic","useISO88591":false,"disabled":false,"username":"Maite","password":"abc123"},"metaSortKey":-1651146009825,"isPrivate":false,"settingStoreCookies":true,"settingSendCookies":true,"settingDisableRenderRequestBody":false,"settingEncodeUrl":true,"settingRebuildPath":true,"settingFollowRedirects":"global","_type":"request"},{"_id":"req_e56083b360704f9099ed711267d6294f","parentId":"fld_a7d4e574af2441afb34ff83823f479cb","modified":1651430525073,"created":1651043880855,"url":"http://localhost:3000/api/v0.0/task/","name":"task autenticacion no Basic","description":"","method":"POST","body":{"mimeType":"application/json","text":"{\n\t\t\"id\": 14,\n\t\t\"description\": \"Mercar leite\",\n\t\t\"done\": false\n}"},"parameters":[],"headers":[{"name":"Content-Type","value":"application/json","id":"pair_eae37515d1294167b0a3b8d8c279803e"}],"authentication":{"type":"digest","disabled":false,"username":"Maite","password":"abc123"},"metaSortKey":-1650532417553.75,"isPrivate":false,"settingStoreCookies":true,"settingSendCookies":true,"settingDisableRenderRequestBody":false,"settingEncodeUrl":true,"settingRebuildPath":true,"settingFollowRedirects":"global","_type":"request"},{"_id":"req_fc69497650b740439e79ebd6e8fc51ea","parentId":"fld_a7d4e574af2441afb34ff83823f479cb","modified":1651647933318,"created":1651574168665,"url":"http://localhost:3000/api/v0.0/public/task/","name":"task sin autenticar","description":"","method":"PUT","body":{"mimeType":"application/json","text":"\t{\n\t\t\"id\": 3,\n\t\t\"description\": \"Revisión del gas\",\n\t\t\"done\": 0\n\t}"},"parameters":[],"headers":[{"name":"Content-Type","value":"application/json","id":"pair_0cd37d5c7d5344fc85686092092bffa1"}],"authentication":{},"metaSortKey":-1650532417544.375,"isPrivate":false,"settingStoreCookies":true,"settingSendCookies":true,"settingDisableRenderRequestBody":false,"settingEncodeUrl":true,"settingRebuildPath":true,"settingFollowRedirects":"global","_type":"request"},{"_id":"req_733e038cff214d16b55824df07436f76","parentId":"fld_a7d4e574af2441afb34ff83823f479cb","modified":1651663801973,"created":1650541290791,"url":"http://localhost:3000/api/v0.0/task/","name":"task con autenticacion","description":"","method":"PUT","body":{"mimeType":"application/json","text":"\t{\n\t\t\"id\": 8,\n\t\t\"description\": \"Bajar cajas al trastero\",\n\t\t\"done\": 0\n\t}"},"parameters":[],"headers":[{"name":"Content-Type","value":"application/json","id":"pair_eae37515d1294167b0a3b8d8c279803e"}],"authentication":{"type":"basic","useISO88591":false,"disabled":false,"username":"Maite","password":"abc123"},"metaSortKey":-1650532417535,"isPrivate":false,"settingStoreCookies":true,"settingSendCookies":true,"settingDisableRenderRequestBody":false,"settingEncodeUrl":true,"settingRebuildPath":true,"settingFollowRedirects":"global","_type":"request"},{"_id":"req_65b0ebde83894335889a0263d2e640bf","parentId":"fld_a7d4e574af2441afb34ff83823f479cb","modified":1651609989891,"created":1651574182192,"url":"http://localhost:3000/api/v0.0/public/task/","name":"task sin autenticar","description":"","method":"DELETE","body":{"mimeType":"application/json","text":"\t{\n\t\t\"id\": 4,\n\t\t\"description\": \"Recojer pedido\",\n\t\t\"done\": 0\n\t}"},"parameters":[],"headers":[{"name":"Content-Type","value":"application/json","id":"pair_c58e320e226d4db5832022059bb85575"}],"authentication":{},"metaSortKey":-1650532417528.75,"isPrivate":false,"settingStoreCookies":true,"settingSendCookies":true,"settingDisableRenderRequestBody":false,"settingEncodeUrl":true,"settingRebuildPath":true,"settingFollowRedirects":"global","_type":"request"},{"_id":"req_c6d93dabd9474250a0756eace23fa1bc","parentId":"fld_a7d4e574af2441afb34ff83823f479cb","modified":1651647991540,"created":1650541290797,"url":"http://localhost:3000/api/v0.0/task/","name":"task con autenticacion","description":"","method":"DELETE","body":{"mimeType":"application/json","text":"\t{\n\t\t\"id\": 11,\n\t\t\"description\": \"Ir  medico\",\n\t\t\"done\": 0\n\t}"},"parameters":[],"headers":[{"name":"Content-Type","value":"application/json","id":"pair_eae37515d1294167b0a3b8d8c279803e"}],"authentication":{"type":"basic","useISO88591":false,"disabled":false,"username":"Maite","password":"abc123"},"metaSortKey":-1650532417522.5,"isPrivate":false,"settingStoreCookies":true,"settingSendCookies":true,"settingDisableRenderRequestBody":false,"settingEncodeUrl":true,"settingRebuildPath":true,"settingFollowRedirects":"global","_type":"request"},{"_id":"env_92939f56bed05879da63d15cf44708ddf7928375","parentId":"wrk_9e7febc692494c55b2afa9fa6b9c2a99","modified":1650529886766,"created":1650529886766,"name":"Base Environment","data":{},"dataPropertyOrder":null,"color":null,"isPrivate":false,"metaSortKey":1650529886766,"_type":"environment"},{"_id":"jar_92939f56bed05879da63d15cf44708ddf7928375","parentId":"wrk_9e7febc692494c55b2afa9fa6b9c2a99","modified":1650529886815,"created":1650529886815,"name":"Default Jar","cookies":[],"_type":"cookie_jar"},{"_id":"spc_c165b8c73f044071b6606d507a278755","parentId":"wrk_9e7febc692494c55b2afa9fa6b9c2a99","modified":1650541381411,"created":1650529886741,"fileName":"Tasks backend","contents":"","contentType":"yaml","_type":"api_spec"},{"_id":"uts_67d4b00e85e44b858448c99d6ebbc23b","parentId":"wrk_9e7febc692494c55b2afa9fa6b9c2a99","modified":1650529886844,"created":1650529886844,"name":"Example Test Suite","_type":"unit_test_suite"}]}